{"authorized_creator":"zostestaccnt","collection_name":"zostestaccnt","schema_name":"elements","transferable":true,"burnable":true,"max_supply":0,"immutable_data":[{"key":"name","value":["string","Advanced Circuit Board"]},{"key":"img","value":["string","QmNr1nf8DxqgfwiSWMzSbUnTtd9Yms6V4mTqzxfbm5Wsp7?filename=Advanced%2520Circuit%2520Board.png"]},{"key":"Description","value":["string","The Advanced Circuit Board is a crafting element, it must be deposited into ZOS to be used for further carfting. "]},{"key":"Era","value":["string","Era Three "]}]},
{"authorized_creator":"zostestaccnt","collection_name":"zostestaccnt","schema_name":"elements","transferable":true,"burnable":true,"max_supply":0,"immutable_data":[{"key":"name","value":["string","Bandages"]},{"key":"img","value":["string","Qme1h3Hz9HSRXuR6PP5Z4a7tD5LAe4exrEgD4Adjj9iFun?filename=Bandages.png"]},{"key":"Description","value":["string","The Bandages is a crafting element, it must be deposited into ZOS to be used for further carfting. "]},{"key":"Era","value":["string","Era Three "]}]},
{"authorized_creator":"zostestaccnt","collection_name":"zostestaccnt","schema_name":"elements","transferable":true,"burnable":true,"max_supply":0,"immutable_data":[{"key":"name","value":["string","Basic Circuit Board"]},{"key":"img","value":["string","QmbnKQtehn4uSrYW9jJJH7oBUeLoyiwyErggKXGhZSj6pZ?filename=Basic%2520Circuit%2520Board.png"]},{"key":"Description","value":["string","The Basic Circuit Board is a crafting element, it must be deposited into ZOS to be used for further carfting. "]},{"key":"Era","value":["string","Era Three "]}]},
{"authorized_creator":"zostestaccnt","collection_name":"zostestaccnt","schema_name":"elements","transferable":true,"burnable":true,"max_supply":0,"immutable_data":[{"key":"name","value":["string","Bed"]},{"key":"img","value":["string","QmQ7rnmSSufWNkAQPBSfxVLELnhSnGpc6vj9zrAyZ12jET?filename=Bed.png"]},{"key":"Description","value":["string","The Bed is a crafting element, it must be deposited into ZOS to be used for further carfting. "]},{"key":"Era","value":["string","Era Three "]}]},
{"authorized_creator":"zostestaccnt","collection_name":"zostestaccnt","schema_name":"elements","transferable":true,"burnable":true,"max_supply":0,"immutable_data":[{"key":"name","value":["string","CCTV Camera"]},{"key":"img","value":["string","QmZYVCV6sV66RVBTaZ3PNYHnbFJjVDwy71JviTHeGkYTge?filename=CCTV%2520Camera.png"]},{"key":"Description","value":["string","The CCTV Camera is a crafting element, it must be deposited into ZOS to be used for further carfting. "]},{"key":"Era","value":["string","Era Three "]}]},
{"authorized_creator":"zostestaccnt","collection_name":"zostestaccnt","schema_name":"elements","transferable":true,"burnable":true,"max_supply":0,"immutable_data":[{"key":"name","value":["string","Car Battery"]},{"key":"img","value":["string","QmRBWAExwdReCQ59aZejPkc6J3b9Y7VbZYHdS8EceqMw7p?filename=Car%2520Battery.png"]},{"key":"Description","value":["string","The Car Battery is a crafting element, it must be deposited into ZOS to be used for further carfting. "]},{"key":"Era","value":["string","Era Three "]}]},
{"authorized_creator":"zostestaccnt","collection_name":"zostestaccnt","schema_name":"elements","transferable":true,"burnable":true,"max_supply":0,"immutable_data":[{"key":"name","value":["string","Carbon"]},{"key":"img","value":["string","QmcMPdQpYjQPCbpYsHeLGPRMKeQwz8KatvazhkBoRfYWVH?filename=Carbon.png"]},{"key":"Description","value":["string","The Carbon is a crafting element, it must be deposited into ZOS to be used for further carfting. "]},{"key":"Era","value":["string","Era Three "]}]},
{"authorized_creator":"zostestaccnt","collection_name":"zostestaccnt","schema_name":"elements","transferable":true,"burnable":true,"max_supply":0,"immutable_data":[{"key":"name","value":["string","Cloth"]},{"key":"img","value":["string","QmawnRdh6idLFC3iQrtFaTdjfN1nFxEHsjfFzn45Bss8mt?filename=Cloth.png"]},{"key":"Description","value":["string","The Cloth is a crafting element, it must be deposited into ZOS to be used for further carfting. "]},{"key":"Era","value":["string","Era Three "]}]},
{"authorized_creator":"zostestaccnt","collection_name":"zostestaccnt","schema_name":"elements","transferable":true,"burnable":true,"max_supply":0,"immutable_data":[{"key":"name","value":["string","Concrete"]},{"key":"img","value":["string","QmZrshuMA3obEeyTkwUVCDdL23VsXqwwrxwxEuNCsppLX2?filename=Concrete.png"]},{"key":"Description","value":["string","The Concrete is a crafting element, it must be deposited into ZOS to be used for further carfting. "]},{"key":"Era","value":["string","Era Three "]}]},
{"authorized_creator":"zostestaccnt","collection_name":"zostestaccnt","schema_name":"elements","transferable":true,"burnable":true,"max_supply":0,"immutable_data":[{"key":"name","value":["string","Duct Tape"]},{"key":"img","value":["string","QmUKcgMbpmffG5jmkKJiWsDsx4USQEU1HARrN1of5FzuAh?filename=Duct%2520Tape.png"]},{"key":"Description","value":["string","The Duct Tape is a crafting element, it must be deposited into ZOS to be used for further carfting. "]},{"key":"Era","value":["string","Era Three "]}]},
{"authorized_creator":"zostestaccnt","collection_name":"zostestaccnt","schema_name":"elements","transferable":true,"burnable":true,"max_supply":0,"immutable_data":[{"key":"name","value":["string","Dumbbells"]},{"key":"img","value":["string","QmXH2KjdSQFKvuBt38XipgWU1hMcn1LLDjSLznRhYirXKr?filename=Dumbbells.png"]},{"key":"Description","value":["string","The Dumbbells is a crafting element, it must be deposited into ZOS to be used for further carfting. "]},{"key":"Era","value":["string","Era Three "]}]},
{"authorized_creator":"zostestaccnt","collection_name":"zostestaccnt","schema_name":"elements","transferable":true,"burnable":true,"max_supply":0,"immutable_data":[{"key":"name","value":["string","Electrical Switch"]},{"key":"img","value":["string","QmThPDqRtgMpkUQueSN5c5VTGgwAewsygfZ67W4BQncTU3?filename=Electrical%2520Switch.png"]},{"key":"Description","value":["string","The Electrical Switch is a crafting element, it must be deposited into ZOS to be used for further carfting. "]},{"key":"Era","value":["string","Era Three "]}]},
{"authorized_creator":"zostestaccnt","collection_name":"zostestaccnt","schema_name":"elements","transferable":true,"burnable":true,"max_supply":0,"immutable_data":[{"key":"name","value":["string","Explosive Charge"]},{"key":"img","value":["string","QmVN56ZEhMdw7wSHyH99fE7DZeNLB7gTWBXyzRZyeBqmpQ?filename=Explosive%2520Charge.png"]},{"key":"Description","value":["string","The Explosive Charge is a crafting element, it must be deposited into ZOS to be used for further carfting. "]},{"key":"Era","value":["string","Era Three "]}]},
{"authorized_creator":"zostestaccnt","collection_name":"zostestaccnt","schema_name":"elements","transferable":true,"burnable":true,"max_supply":0,"immutable_data":[{"key":"name","value":["string","First Aid Kit"]},{"key":"img","value":["string","QmNgSjQabrjtmZrYqvLgJquRu1fEA5xEufQzDkKBHGrCXw?filename=First%2520Aid%2520Kit.png"]},{"key":"Description","value":["string","The First Aid Kit is a crafting element, it must be deposited into ZOS to be used for further carfting. "]},{"key":"Era","value":["string","Era Three "]}]},
{"authorized_creator":"zostestaccnt","collection_name":"zostestaccnt","schema_name":"elements","transferable":true,"burnable":true,"max_supply":0,"immutable_data":[{"key":"name","value":["string","Fuel Can"]},{"key":"img","value":["string","QmXNCnfpkiB9gJRZKmbDGMvHoGmhLM99Gka5pPXoU4Lfmv?filename=Fuel%2520Can.png"]},{"key":"Description","value":["string","The Fuel Can is a crafting element, it must be deposited into ZOS to be used for further carfting. "]},{"key":"Era","value":["string","Era Three "]}]},
{"authorized_creator":"zostestaccnt","collection_name":"zostestaccnt","schema_name":"elements","transferable":true,"burnable":true,"max_supply":0,"immutable_data":[{"key":"name","value":["string","Furnace"]},{"key":"img","value":["string","QmeDzJikDDPCpFtT8FjrNGx4BidT9GxcziyE1R5zyd4XCh?filename=Furnace.png"]},{"key":"Description","value":["string","The Furnace is a crafting element, it must be deposited into ZOS to be used for further carfting. "]},{"key":"Era","value":["string","Era Three "]}]},
{"authorized_creator":"zostestaccnt","collection_name":"zostestaccnt","schema_name":"elements","transferable":true,"burnable":true,"max_supply":0,"immutable_data":[{"key":"name","value":["string","Gears"]},{"key":"img","value":["string","QmTSXkH79iK7fEnkj8k2nqNb5gVjDuxNigdAgj2z2Rkf6n?filename=Gears.png"]},{"key":"Description","value":["string","The Gears is a crafting element, it must be deposited into ZOS to be used for further carfting. "]},{"key":"Era","value":["string","Era Three "]}]},
{"authorized_creator":"zostestaccnt","collection_name":"zostestaccnt","schema_name":"elements","transferable":true,"burnable":true,"max_supply":0,"immutable_data":[{"key":"name","value":["string","Glue"]},{"key":"img","value":["string","QmVLBbwkPHJHcdUcYqEtjx7UgpCfHbSPkhNhwbJwpG4aQ1?filename=Glue.png"]},{"key":"Description","value":["string","The Glue is a crafting element, it must be deposited into ZOS to be used for further carfting. "]},{"key":"Era","value":["string","Era Three "]}]},
{"authorized_creator":"zostestaccnt","collection_name":"zostestaccnt","schema_name":"elements","transferable":true,"burnable":true,"max_supply":0,"immutable_data":[{"key":"name","value":["string","Gunpowder"]},{"key":"img","value":["string","QmQp8NNmJUhRMr6JnFPMrD2HhHUqbXjSHBYza35GcfRGLL?filename=Gunpowder.png"]},{"key":"Description","value":["string","The Gunpowder is a crafting element, it must be deposited into ZOS to be used for further carfting. "]},{"key":"Era","value":["string","Era Three "]}]},
{"authorized_creator":"zostestaccnt","collection_name":"zostestaccnt","schema_name":"elements","transferable":true,"burnable":true,"max_supply":0,"immutable_data":[{"key":"name","value":["string","Hammer"]},{"key":"img","value":["string","QmbddZm14hUykKytV8vJmk4YAs5JBBUu5w9T3rKNLD6qMM?filename=Hammer.png"]},{"key":"Description","value":["string","The Hammer is a crafting element, it must be deposited into ZOS to be used for further carfting. "]},{"key":"Era","value":["string","Era Three "]}]},
{"authorized_creator":"zostestaccnt","collection_name":"zostestaccnt","schema_name":"elements","transferable":true,"burnable":true,"max_supply":0,"immutable_data":[{"key":"name","value":["string","Hospital Bed"]},{"key":"img","value":["string","QmddWSMiK1upKMmG8ukH3d8Pm21XLStUMNFHTJirohC96j?filename=Hospital%2520Bed.png"]},{"key":"Description","value":["string","The Hospital Bed is a crafting element, it must be deposited into ZOS to be used for further carfting. "]},{"key":"Era","value":["string","Era Three "]}]},
{"authorized_creator":"zostestaccnt","collection_name":"zostestaccnt","schema_name":"elements","transferable":true,"burnable":true,"max_supply":0,"immutable_data":[{"key":"name","value":["string","Lightbulb"]},{"key":"img","value":["string","QmSPbphhfkdvCdkKHdmexUDPLeaRYWTcYw5cYhXQYirfuq?filename=Lightbulb.png"]},{"key":"Description","value":["string","The Lightbulb is a crafting element, it must be deposited into ZOS to be used for further carfting. "]},{"key":"Era","value":["string","Era Three "]}]},
{"authorized_creator":"zostestaccnt","collection_name":"zostestaccnt","schema_name":"elements","transferable":true,"burnable":true,"max_supply":0,"immutable_data":[{"key":"name","value":["string","Logs"]},{"key":"img","value":["string","QmdUuqtcBG7UeUFhskVjm8uDzUn5rmQ9X1HMG8iU2sWDwx?filename=Logs.png"]},{"key":"Description","value":["string","The Logs is a crafting element, it must be deposited into ZOS to be used for further carfting. "]},{"key":"Era","value":["string","Era Three "]}]},
{"authorized_creator":"zostestaccnt","collection_name":"zostestaccnt","schema_name":"elements","transferable":true,"burnable":true,"max_supply":0,"immutable_data":[{"key":"name","value":["string","Metal Ingots"]},{"key":"img","value":["string","QmSs3tZfk8TWazvN7wYvgR63JtPKst3qhkfzeh2mjMzMyh?filename=Metal%2520Ingots.png"]},{"key":"Description","value":["string","The Metal Ingots is a crafting element, it must be deposited into ZOS to be used for further carfting. "]},{"key":"Era","value":["string","Era Three "]}]},
{"authorized_creator":"zostestaccnt","collection_name":"zostestaccnt","schema_name":"elements","transferable":true,"burnable":true,"max_supply":0,"immutable_data":[{"key":"name","value":["string","Metal Rods"]},{"key":"img","value":["string","QmdHAXfEzV6LjjqjDxCerSWUYjXRReTK2NizT4xr9moD5i?filename=Metal%2520Rods.png"]},{"key":"Description","value":["string","The Metal Rods is a crafting element, it must be deposited into ZOS to be used for further carfting. "]},{"key":"Era","value":["string","Era Three "]}]},
{"authorized_creator":"zostestaccnt","collection_name":"zostestaccnt","schema_name":"elements","transferable":true,"burnable":true,"max_supply":0,"immutable_data":[{"key":"name","value":["string","Metal Scraps"]},{"key":"img","value":["string","Qma15C91eXeW8Go4jkr1hPuZGfRzeJzHq9MjC8wgTsrno3?filename=Metal%2520Scraps.png"]},{"key":"Description","value":["string","The Metal Scraps is a crafting element, it must be deposited into ZOS to be used for further carfting. "]},{"key":"Era","value":["string","Era Three "]}]},
{"authorized_creator":"zostestaccnt","collection_name":"zostestaccnt","schema_name":"elements","transferable":true,"burnable":true,"max_supply":0,"immutable_data":[{"key":"name","value":["string","Nails"]},{"key":"img","value":["string","QmRZ4cyF3B6mkY3BLduJu3NiLph4DnB898js4ef4MtpDBj?filename=Nails.png"]},{"key":"Description","value":["string","The Nails is a crafting element, it must be deposited into ZOS to be used for further carfting. "]},{"key":"Era","value":["string","Era Three "]}]},
{"authorized_creator":"zostestaccnt","collection_name":"zostestaccnt","schema_name":"elements","transferable":true,"burnable":true,"max_supply":0,"immutable_data":[{"key":"name","value":["string","Plastic"]},{"key":"img","value":["string","QmVgLF8wgnFYHXWcGyFQn1gXE6B9sLD1xK1Ai4dm1sb5qU?filename=Plastic.png"]},{"key":"Description","value":["string","The Plastic is a crafting element, it must be deposited into ZOS to be used for further carfting. "]},{"key":"Era","value":["string","Era Three "]}]},
{"authorized_creator":"zostestaccnt","collection_name":"zostestaccnt","schema_name":"elements","transferable":true,"burnable":true,"max_supply":0,"immutable_data":[{"key":"name","value":["string","Refined Metal"]},{"key":"img","value":["string","QmQeC6rgRNG9hBnPzPSdM8nJcKuFkRUErEJqik5UWaxDb1?filename=Refined%2520Metal.png"]},{"key":"Description","value":["string","The Refined Metal is a crafting element, it must be deposited into ZOS to be used for further carfting. "]},{"key":"Era","value":["string","Era Three "]}]},
{"authorized_creator":"zostestaccnt","collection_name":"zostestaccnt","schema_name":"elements","transferable":true,"burnable":true,"max_supply":0,"immutable_data":[{"key":"name","value":["string","Rope"]},{"key":"img","value":["string","QmVQRGczmCjf7katogNzRYnXaQbPzcXhSDL1bsHnroYtEf?filename=Rope.png"]},{"key":"Description","value":["string","The Rope is a crafting element, it must be deposited into ZOS to be used for further carfting. "]},{"key":"Era","value":["string","Era Three "]}]},
{"authorized_creator":"zostestaccnt","collection_name":"zostestaccnt","schema_name":"elements","transferable":true,"burnable":true,"max_supply":0,"immutable_data":[{"key":"name","value":["string","Saw"]},{"key":"img","value":["string","QmW9Z8v1rNhUrvGfozH3WGVcfiPoSXAN6QADVSAqDR6PGH?filename=Saw.png"]},{"key":"Description","value":["string","The Saw is a crafting element, it must be deposited into ZOS to be used for further carfting. "]},{"key":"Era","value":["string","Era Three "]}]},
{"authorized_creator":"zostestaccnt","collection_name":"zostestaccnt","schema_name":"elements","transferable":true,"burnable":true,"max_supply":0,"immutable_data":[{"key":"name","value":["string","Searchlight"]},{"key":"img","value":["string","QmdCzAuZm55Y6y25znJ7qQzY5pSPu2uYsjXKLmvHqCasJU?filename=Searchlight.png"]},{"key":"Description","value":["string","The Searchlight is a crafting element, it must be deposited into ZOS to be used for further carfting. "]},{"key":"Era","value":["string","Era Three "]}]},
{"authorized_creator":"zostestaccnt","collection_name":"zostestaccnt","schema_name":"elements","transferable":true,"burnable":true,"max_supply":0,"immutable_data":[{"key":"name","value":["string","Sheet Metal"]},{"key":"img","value":["string","QmcbE3FZnHbZAYhAz5MBfkGRsWAExUQvG4wJw1ph52oRwK?filename=Sheet%2520Metal.png"]},{"key":"Description","value":["string","The Sheet Metal is a crafting element, it must be deposited into ZOS to be used for further carfting. "]},{"key":"Era","value":["string","Era Three "]}]},
{"authorized_creator":"zostestaccnt","collection_name":"zostestaccnt","schema_name":"elements","transferable":true,"burnable":true,"max_supply":0,"immutable_data":[{"key":"name","value":["string","Sticks"]},{"key":"img","value":["string","QmaqqTNNx34bXvYkp2fXPGJU74BUCm1VJ37AXj4GJatyFs?filename=Sticks.png"]},{"key":"Description","value":["string","The Sticks is a crafting element, it must be deposited into ZOS to be used for further carfting. "]},{"key":"Era","value":["string","Era Three "]}]},
{"authorized_creator":"zostestaccnt","collection_name":"zostestaccnt","schema_name":"elements","transferable":true,"burnable":true,"max_supply":0,"immutable_data":[{"key":"name","value":["string","Stones"]},{"key":"img","value":["string","QmNn9Edx2NN5xF9RTJ2f2iUzRYoRbCcuXnXgVTAWgTUZiq?filename=Stones.png"]},{"key":"Description","value":["string","The Stones is a crafting element, it must be deposited into ZOS to be used for further carfting. "]},{"key":"Era","value":["string","Era Three "]}]},
{"authorized_creator":"zostestaccnt","collection_name":"zostestaccnt","schema_name":"elements","transferable":true,"burnable":true,"max_supply":0,"immutable_data":[{"key":"name","value":["string","TNT"]},{"key":"img","value":["string","QmUqGDCTGFwyo3P9zg1JD7fyKqkiQx5GcTbANFUf2jFbrQ?filename=TNT.png"]},{"key":"Description","value":["string","The TNT is a crafting element, it must be deposited into ZOS to be used for further carfting. "]},{"key":"Era","value":["string","Era Three "]}]},
{"authorized_creator":"zostestaccnt","collection_name":"zostestaccnt","schema_name":"elements","transferable":true,"burnable":true,"max_supply":0,"immutable_data":[{"key":"name","value":["string","Tier 1 crafting tool"]},{"key":"img","value":["string","QmUoAeGQR2GdSzCBUEJmB9agaYHcgG58dWay2WQfnvaEeU?filename=Tier%25201%2520crafting%2520tool.png"]},{"key":"Description","value":["string","The Tier 1 crafting tool is a crafting element, it must be deposited into ZOS to be used for further carfting. "]},{"key":"Era","value":["string","Era Three "]}]},
{"authorized_creator":"zostestaccnt","collection_name":"zostestaccnt","schema_name":"elements","transferable":true,"burnable":true,"max_supply":0,"immutable_data":[{"key":"name","value":["string","Tier 2 Crafting Tool"]},{"key":"img","value":["string","Qmb2JMiMs7u894UcuiFv3S1zexLFifQZySzxEeXdkcXz7h?filename=Tier%25202%2520Crafting%2520Tool.png"]},{"key":"Description","value":["string","The Tier 2 Crafting Tool is a crafting element, it must be deposited into ZOS to be used for further carfting. "]},{"key":"Era","value":["string","Era Three "]}]},
{"authorized_creator":"zostestaccnt","collection_name":"zostestaccnt","schema_name":"elements","transferable":true,"burnable":true,"max_supply":0,"immutable_data":[{"key":"name","value":["string","Tier 3 Crafting Tool"]},{"key":"img","value":["string","Qmb2JMiMs7u894UcuiFv3S1zexLFifQZySzxEeXdkcXz7h?filename=Tier%25202%2520Crafting%2520Tool.png"]},{"key":"Description","value":["string","The Tier 3 Crafting Tool is a crafting element, it must be deposited into ZOS to be used for further carfting. "]},{"key":"Era","value":["string","Era Three "]}]},
{"authorized_creator":"zostestaccnt","collection_name":"zostestaccnt","schema_name":"elements","transferable":true,"burnable":true,"max_supply":0,"immutable_data":[{"key":"name","value":["string","Tier 4 Crafting Tool"]},{"key":"img","value":["string","QmR4DvbhxEnaeZV3syLorN9zEZ5xgJo5LuMQq2F4ayxyoW?filename=Tier%25204%2520Crafting%2520Tool.png"]},{"key":"Description","value":["string","The Tier 4 Crafting Tool is a crafting element, it must be deposited into ZOS to be used for further carfting. "]},{"key":"Era","value":["string","Era Three "]}]},
{"authorized_creator":"zostestaccnt","collection_name":"zostestaccnt","schema_name":"elements","transferable":true,"burnable":true,"max_supply":0,"immutable_data":[{"key":"name","value":["string","Tier 5 Crafting Tool"]},{"key":"img","value":["string","QmUAMdLX86FeZfXSep8iFCQpe6cjmwpxPcr7A1GYWwMivr?filename=Tier%25205%2520Crafting%2520Tool.png"]},{"key":"Description","value":["string","The Tier 5 Crafting Tool is a crafting element, it must be deposited into ZOS to be used for further carfting. "]},{"key":"Era","value":["string","Era Three "]}]},
{"authorized_creator":"zostestaccnt","collection_name":"zostestaccnt","schema_name":"elements","transferable":true,"burnable":true,"max_supply":0,"immutable_data":[{"key":"name","value":["string","Wires"]},{"key":"img","value":["string","QmU1nHyJAfdtoSnEksSxPJvJLUvmhkRFfH2sjZWk3VgJco?filename=Wires.png"]},{"key":"Description","value":["string","The Wires is a crafting element, it must be deposited into ZOS to be used for further carfting. "]},{"key":"Era","value":["string","Era Three "]}]},
{"authorized_creator":"zostestaccnt","collection_name":"zostestaccnt","schema_name":"elements","transferable":true,"burnable":true,"max_supply":0,"immutable_data":[{"key":"name","value":["string","Wooden Ladder"]},{"key":"img","value":["string","QmUqeQwfCPcVsSzi582eggiQjDoy2dAP3aVyXwStMQFFxJ?filename=Wooden%2520Ladder.png"]},{"key":"Description","value":["string","The Wooden Ladder is a crafting element, it must be deposited into ZOS to be used for further carfting. "]},{"key":"Era","value":["string","Era Three "]}]},
{"authorized_creator":"zostestaccnt","collection_name":"zostestaccnt","schema_name":"elements","transferable":true,"burnable":true,"max_supply":0,"immutable_data":[{"key":"name","value":["string","Wooden Planks"]},{"key":"img","value":["string","QmPFWM5eY4X5oKP7iV5miGEd7J5H82ZsstbNRLzEJgFV3W?filename=Wooden%2520Planks.png"]},{"key":"Description","value":["string","The Wooden Planks is a crafting element, it must be deposited into ZOS to be used for further carfting. "]},{"key":"Era","value":["string","Era Three "]}]},
{"authorized_creator":"zostestaccnt","collection_name":"zostestaccnt","schema_name":"elements","transferable":true,"burnable":true,"max_supply":0,"immutable_data":[{"key":"name","value":["string","Wooden Post"]},{"key":"img","value":["string","QmVUCuT4ka3jvS4ZzkPsgAvebZiovkfJ6ie7pTNaF6qMGe?filename=Wooden%2520Post.png"]},{"key":"Description","value":["string","The Wooden Post is a crafting element, it must be deposited into ZOS to be used for further carfting. "]},{"key":"Era","value":["string","Era Three "]}]},
{"authorized_creator":"zostestaccnt","collection_name":"zostestaccnt","schema_name":"blueprints","transferable":true,"burnable":true,"max_supply":0,"immutable_data":[{"key":"name","value":["string","Armoured Watch Tower"]},{"key":"img","value":["string","QmTeSVwFJaDwXDvAfcpcx6A1RGYZKJvw9PS8KZDzoo24Wv/Armoured%20Watch%20Tower.png"]},{"key":"Description","value":["string","The Armoured Watch Tower is a blueprint, it must be deposited into ZOS to be used used to upgrade a building, or for further crafting. "]},{"key":"Era","value":["string","Era Three "]}]},
{"authorized_creator":"zostestaccnt","collection_name":"zostestaccnt","schema_name":"blueprints","transferable":true,"burnable":true,"max_supply":0,"immutable_data":[{"key":"name","value":["string","Armoury"]},{"key":"img","value":["string","QmTeSVwFJaDwXDvAfcpcx6A1RGYZKJvw9PS8KZDzoo24Wv/Armoury.png"]},{"key":"Description","value":["string","The Armoury is a blueprint, it must be deposited into ZOS to be used used to upgrade a building, or for further crafting. "]},{"key":"Era","value":["string","Era Three "]}]},
{"authorized_creator":"zostestaccnt","collection_name":"zostestaccnt","schema_name":"blueprints","transferable":true,"burnable":true,"max_supply":0,"immutable_data":[{"key":"name","value":["string","Auto Turret"]},{"key":"img","value":["string","QmTeSVwFJaDwXDvAfcpcx6A1RGYZKJvw9PS8KZDzoo24Wv/Auto%20Turret.png"]},{"key":"Description","value":["string","The Auto Turret is a blueprint, it must be deposited into ZOS to be used used to upgrade a building, or for further crafting. "]},{"key":"Era","value":["string","Era Three "]}]},
{"authorized_creator":"zostestaccnt","collection_name":"zostestaccnt","schema_name":"blueprints","transferable":true,"burnable":true,"max_supply":0,"immutable_data":[{"key":"name","value":["string","Barbed Wire"]},{"key":"img","value":["string","QmTeSVwFJaDwXDvAfcpcx6A1RGYZKJvw9PS8KZDzoo24Wv/Barbed%20Wire.png"]},{"key":"Description","value":["string","The Barbed Wire is a blueprint, it must be deposited into ZOS to be used used to upgrade a building, or for further crafting. "]},{"key":"Era","value":["string","Era Three "]}]},
{"authorized_creator":"zostestaccnt","collection_name":"zostestaccnt","schema_name":"blueprints","transferable":true,"burnable":true,"max_supply":0,"immutable_data":[{"key":"name","value":["string","Basic Workshop"]},{"key":"img","value":["string","QmTeSVwFJaDwXDvAfcpcx6A1RGYZKJvw9PS8KZDzoo24Wv/Basic%20Workshop.png"]},{"key":"Description","value":["string","The Basic Workshop is a blueprint, it must be deposited into ZOS to be used used to upgrade a building, or for further crafting. "]},{"key":"Era","value":["string","Era Three "]}]},
{"authorized_creator":"zostestaccnt","collection_name":"zostestaccnt","schema_name":"blueprints","transferable":true,"burnable":true,"max_supply":0,"immutable_data":[{"key":"name","value":["string","Flamethrower Turret"]},{"key":"img","value":["string","QmTeSVwFJaDwXDvAfcpcx6A1RGYZKJvw9PS8KZDzoo24Wv/Flamethrower%20Turret.png"]},{"key":"Description","value":["string","The Flamethrower Turret is a blueprint, it must be deposited into ZOS to be used used to upgrade a building, or for further crafting. "]},{"key":"Era","value":["string","Era Three "]}]},
{"authorized_creator":"zostestaccnt","collection_name":"zostestaccnt","schema_name":"blueprints","transferable":true,"burnable":true,"max_supply":0,"immutable_data":[{"key":"name","value":["string","Generator"]},{"key":"img","value":["string","QmTeSVwFJaDwXDvAfcpcx6A1RGYZKJvw9PS8KZDzoo24Wv/Generator.png"]},{"key":"Description","value":["string","The Generator is a blueprint, it must be deposited into ZOS to be used used to upgrade a building, or for further crafting. "]},{"key":"Era","value":["string","Era Three "]}]},
{"authorized_creator":"zostestaccnt","collection_name":"zostestaccnt","schema_name":"blueprints","transferable":true,"burnable":true,"max_supply":0,"immutable_data":[{"key":"name","value":["string","Handheld Radio"]},{"key":"img","value":["string","QmTeSVwFJaDwXDvAfcpcx6A1RGYZKJvw9PS8KZDzoo24Wv/Handheld%20Radio.png"]},{"key":"Description","value":["string","The Handheld Radio is a blueprint, it must be deposited into ZOS to be used used to upgrade a building, or for further crafting. "]},{"key":"Era","value":["string","Era Three "]}]},
{"authorized_creator":"zostestaccnt","collection_name":"zostestaccnt","schema_name":"blueprints","transferable":true,"burnable":true,"max_supply":0,"immutable_data":[{"key":"name","value":["string","Hospital"]},{"key":"img","value":["string","QmTeSVwFJaDwXDvAfcpcx6A1RGYZKJvw9PS8KZDzoo24Wv/Hospital.png"]},{"key":"Description","value":["string","The Hospital is a blueprint, it must be deposited into ZOS to be used used to upgrade a building, or for further crafting. "]},{"key":"Era","value":["string","Era Three "]}]},
{"authorized_creator":"zostestaccnt","collection_name":"zostestaccnt","schema_name":"blueprints","transferable":true,"burnable":true,"max_supply":0,"immutable_data":[{"key":"name","value":["string","Landmine"]},{"key":"img","value":["string","QmTeSVwFJaDwXDvAfcpcx6A1RGYZKJvw9PS8KZDzoo24Wv/Landmine.png"]},{"key":"Description","value":["string","The Landmine is a blueprint, it must be deposited into ZOS to be used used to upgrade a building, or for further crafting. "]},{"key":"Era","value":["string","Era Three "]}]},
{"authorized_creator":"zostestaccnt","collection_name":"zostestaccnt","schema_name":"blueprints","transferable":true,"burnable":true,"max_supply":0,"immutable_data":[{"key":"name","value":["string","Metal Door"]},{"key":"img","value":["string","QmTeSVwFJaDwXDvAfcpcx6A1RGYZKJvw9PS8KZDzoo24Wv/Metal%20Door.png"]},{"key":"Description","value":["string","The Metal Door is a blueprint, it must be deposited into ZOS to be used used to upgrade a building, or for further crafting. "]},{"key":"Era","value":["string","Era Three "]}]},
{"authorized_creator":"zostestaccnt","collection_name":"zostestaccnt","schema_name":"blueprints","transferable":true,"burnable":true,"max_supply":0,"immutable_data":[{"key":"name","value":["string","Metal Roof"]},{"key":"img","value":["string","QmTeSVwFJaDwXDvAfcpcx6A1RGYZKJvw9PS8KZDzoo24Wv/Metal%20Roof.png"]},{"key":"Description","value":["string","The Metal Roof is a blueprint, it must be deposited into ZOS to be used used to upgrade a building, or for further crafting. "]},{"key":"Era","value":["string","Era Three "]}]},
{"authorized_creator":"zostestaccnt","collection_name":"zostestaccnt","schema_name":"blueprints","transferable":true,"burnable":true,"max_supply":0,"immutable_data":[{"key":"name","value":["string","Metal Wall"]},{"key":"img","value":["string","QmTeSVwFJaDwXDvAfcpcx6A1RGYZKJvw9PS8KZDzoo24Wv/Metal%20Wall.png"]},{"key":"Description","value":["string","The Metal Wall is a blueprint, it must be deposited into ZOS to be used used to upgrade a building, or for further crafting. "]},{"key":"Era","value":["string","Era Three "]}]},
{"authorized_creator":"zostestaccnt","collection_name":"zostestaccnt","schema_name":"blueprints","transferable":true,"burnable":true,"max_supply":0,"immutable_data":[{"key":"name","value":["string","Metal Watch Tower"]},{"key":"img","value":["string","QmTeSVwFJaDwXDvAfcpcx6A1RGYZKJvw9PS8KZDzoo24Wv/Metal%20Watch%20Tower.png"]},{"key":"Description","value":["string","The Metal Watch Tower is a blueprint, it must be deposited into ZOS to be used used to upgrade a building, or for further crafting. "]},{"key":"Era","value":["string","Era Three "]}]},
{"authorized_creator":"zostestaccnt","collection_name":"zostestaccnt","schema_name":"blueprints","transferable":true,"burnable":true,"max_supply":0,"immutable_data":[{"key":"name","value":["string","Nets"]},{"key":"img","value":["string","QmTeSVwFJaDwXDvAfcpcx6A1RGYZKJvw9PS8KZDzoo24Wv/Nets.png"]},{"key":"Description","value":["string","The Nets is a blueprint, it must be deposited into ZOS to be used used to upgrade a building, or for further crafting. "]},{"key":"Era","value":["string","Era Three "]}]},
{"authorized_creator":"zostestaccnt","collection_name":"zostestaccnt","schema_name":"blueprints","transferable":true,"burnable":true,"max_supply":0,"immutable_data":[{"key":"name","value":["string","Platform"]},{"key":"img","value":["string","QmTeSVwFJaDwXDvAfcpcx6A1RGYZKJvw9PS8KZDzoo24Wv/Platform.png"]},{"key":"Description","value":["string","The Platform is a blueprint, it must be deposited into ZOS to be used used to upgrade a building, or for further crafting. "]},{"key":"Era","value":["string","Era Three "]}]},
{"authorized_creator":"zostestaccnt","collection_name":"zostestaccnt","schema_name":"blueprints","transferable":true,"burnable":true,"max_supply":0,"immutable_data":[{"key":"name","value":["string","Radio Tower"]},{"key":"img","value":["string","QmTeSVwFJaDwXDvAfcpcx6A1RGYZKJvw9PS8KZDzoo24Wv/Radio%20Tower.png"]},{"key":"Description","value":["string","The Radio Tower is a blueprint, it must be deposited into ZOS to be used used to upgrade a building, or for further crafting. "]},{"key":"Era","value":["string","Era Three "]}]},
{"authorized_creator":"zostestaccnt","collection_name":"zostestaccnt","schema_name":"blueprints","transferable":true,"burnable":true,"max_supply":0,"immutable_data":[{"key":"name","value":["string","Rocket Turret"]},{"key":"img","value":["string","QmTeSVwFJaDwXDvAfcpcx6A1RGYZKJvw9PS8KZDzoo24Wv/Rocket%20Turret.png"]},{"key":"Description","value":["string","The Rocket Turret is a blueprint, it must be deposited into ZOS to be used used to upgrade a building, or for further crafting. "]},{"key":"Era","value":["string","Era Three "]}]},
{"authorized_creator":"zostestaccnt","collection_name":"zostestaccnt","schema_name":"blueprints","transferable":true,"burnable":true,"max_supply":0,"immutable_data":[{"key":"name","value":["string","Rust Watch Tower"]},{"key":"img","value":["string","QmTeSVwFJaDwXDvAfcpcx6A1RGYZKJvw9PS8KZDzoo24Wv/Rust%20Watch%20Tower.png"]},{"key":"Description","value":["string","The Rust Watch Tower is a blueprint, it must be deposited into ZOS to be used used to upgrade a building, or for further crafting. "]},{"key":"Era","value":["string","Era Three "]}]},
{"authorized_creator":"zostestaccnt","collection_name":"zostestaccnt","schema_name":"blueprints","transferable":true,"burnable":true,"max_supply":0,"immutable_data":[{"key":"name","value":["string","Shotgun Turret"]},{"key":"img","value":["string","QmTeSVwFJaDwXDvAfcpcx6A1RGYZKJvw9PS8KZDzoo24Wv/Shotgun%20Turret.png"]},{"key":"Description","value":["string","The Shotgun Turret is a blueprint, it must be deposited into ZOS to be used used to upgrade a building, or for further crafting. "]},{"key":"Era","value":["string","Era Three "]}]},
{"authorized_creator":"zostestaccnt","collection_name":"zostestaccnt","schema_name":"blueprints","transferable":true,"burnable":true,"max_supply":0,"immutable_data":[{"key":"name","value":["string","Sleeping Quarters"]},{"key":"img","value":["string","QmTeSVwFJaDwXDvAfcpcx6A1RGYZKJvw9PS8KZDzoo24Wv/Sleeping%20Quarters.png"]},{"key":"Description","value":["string","The Sleeping Quarters is a blueprint, it must be deposited into ZOS to be used used to upgrade a building, or for further crafting. "]},{"key":"Era","value":["string","Era Three "]}]},
{"authorized_creator":"zostestaccnt","collection_name":"zostestaccnt","schema_name":"blueprints","transferable":true,"burnable":true,"max_supply":0,"immutable_data":[{"key":"name","value":["string","Small Antena"]},{"key":"img","value":["string","QmTeSVwFJaDwXDvAfcpcx6A1RGYZKJvw9PS8KZDzoo24Wv/Small%20Antena.png"]},{"key":"Description","value":["string","The Small Antena is a blueprint, it must be deposited into ZOS to be used used to upgrade a building, or for further crafting. "]},{"key":"Era","value":["string","Era Three "]}]},
{"authorized_creator":"zostestaccnt","collection_name":"zostestaccnt","schema_name":"blueprints","transferable":true,"burnable":true,"max_supply":0,"immutable_data":[{"key":"name","value":["string","Solar Panel"]},{"key":"img","value":["string","QmTeSVwFJaDwXDvAfcpcx6A1RGYZKJvw9PS8KZDzoo24Wv/Solar%20Panel.png"]},{"key":"Description","value":["string","The Solar Panel is a blueprint, it must be deposited into ZOS to be used used to upgrade a building, or for further crafting. "]},{"key":"Era","value":["string","Era Three "]}]},
{"authorized_creator":"zostestaccnt","collection_name":"zostestaccnt","schema_name":"blueprints","transferable":true,"burnable":true,"max_supply":0,"immutable_data":[{"key":"name","value":["string","Stone Door"]},{"key":"img","value":["string","QmTeSVwFJaDwXDvAfcpcx6A1RGYZKJvw9PS8KZDzoo24Wv/Stone%20Door.png"]},{"key":"Description","value":["string","The Stone Door is a blueprint, it must be deposited into ZOS to be used used to upgrade a building, or for further crafting. "]},{"key":"Era","value":["string","Era Three "]}]},
{"authorized_creator":"zostestaccnt","collection_name":"zostestaccnt","schema_name":"blueprints","transferable":true,"burnable":true,"max_supply":0,"immutable_data":[{"key":"name","value":["string","Stone Roof"]},{"key":"img","value":["string","QmTeSVwFJaDwXDvAfcpcx6A1RGYZKJvw9PS8KZDzoo24Wv/Stone%20Roof.png"]},{"key":"Description","value":["string","The Stone Roof is a blueprint, it must be deposited into ZOS to be used used to upgrade a building, or for further crafting. "]},{"key":"Era","value":["string","Era Three "]}]},
{"authorized_creator":"zostestaccnt","collection_name":"zostestaccnt","schema_name":"blueprints","transferable":true,"burnable":true,"max_supply":0,"immutable_data":[{"key":"name","value":["string","Stone Wall"]},{"key":"img","value":["string","QmTeSVwFJaDwXDvAfcpcx6A1RGYZKJvw9PS8KZDzoo24Wv/Stone%20Wall.png"]},{"key":"Description","value":["string","The Stone Wall is a blueprint, it must be deposited into ZOS to be used used to upgrade a building, or for further crafting. "]},{"key":"Era","value":["string","Era Three "]}]},
{"authorized_creator":"zostestaccnt","collection_name":"zostestaccnt","schema_name":"blueprints","transferable":true,"burnable":true,"max_supply":0,"immutable_data":[{"key":"name","value":["string","Tripwire"]},{"key":"img","value":["string","QmTeSVwFJaDwXDvAfcpcx6A1RGYZKJvw9PS8KZDzoo24Wv/Tripwire.png"]},{"key":"Description","value":["string","The Tripwire is a blueprint, it must be deposited into ZOS to be used used to upgrade a building, or for further crafting. "]},{"key":"Era","value":["string","Era Three "]}]},
{"authorized_creator":"zostestaccnt","collection_name":"zostestaccnt","schema_name":"blueprints","transferable":true,"burnable":true,"max_supply":0,"immutable_data":[{"key":"name","value":["string","Weapon Rack"]},{"key":"img","value":["string","QmTeSVwFJaDwXDvAfcpcx6A1RGYZKJvw9PS8KZDzoo24Wv/Weapon%20Rack.png"]},{"key":"Description","value":["string","The Weapon Rack is a blueprint, it must be deposited into ZOS to be used used to upgrade a building, or for further crafting. "]},{"key":"Era","value":["string","Era Three "]}]},
{"authorized_creator":"zostestaccnt","collection_name":"zostestaccnt","schema_name":"blueprints","transferable":true,"burnable":true,"max_supply":0,"immutable_data":[{"key":"name","value":["string","Wind Turbine"]},{"key":"img","value":["string","QmTeSVwFJaDwXDvAfcpcx6A1RGYZKJvw9PS8KZDzoo24Wv/Wind%20Turbine.png"]},{"key":"Description","value":["string","The Wind Turbine is a blueprint, it must be deposited into ZOS to be used used to upgrade a building, or for further crafting. "]},{"key":"Era","value":["string","Era Three "]}]},
{"authorized_creator":"zostestaccnt","collection_name":"zostestaccnt","schema_name":"blueprints","transferable":true,"burnable":true,"max_supply":0,"immutable_data":[{"key":"name","value":["string","Wood Roof"]},{"key":"img","value":["string","QmTeSVwFJaDwXDvAfcpcx6A1RGYZKJvw9PS8KZDzoo24Wv/Wood%20Roof.png"]},{"key":"Description","value":["string","The Wood Roof is a blueprint, it must be deposited into ZOS to be used used to upgrade a building, or for further crafting. "]},{"key":"Era","value":["string","Era Three "]}]},
{"authorized_creator":"zostestaccnt","collection_name":"zostestaccnt","schema_name":"blueprints","transferable":true,"burnable":true,"max_supply":0,"immutable_data":[{"key":"name","value":["string","Wooden Door"]},{"key":"img","value":["string","QmTeSVwFJaDwXDvAfcpcx6A1RGYZKJvw9PS8KZDzoo24Wv/Wooden%20Door.png"]},{"key":"Description","value":["string","The Wooden Door is a blueprint, it must be deposited into ZOS to be used used to upgrade a building, or for further crafting. "]},{"key":"Era","value":["string","Era Three "]}]},
{"authorized_creator":"zostestaccnt","collection_name":"zostestaccnt","schema_name":"blueprints","transferable":true,"burnable":true,"max_supply":0,"immutable_data":[{"key":"name","value":["string","Wooden Roof"]},{"key":"img","value":["string","QmTeSVwFJaDwXDvAfcpcx6A1RGYZKJvw9PS8KZDzoo24Wv/Wooden%20Roof.png"]},{"key":"Description","value":["string","The Wooden Roof is a blueprint, it must be deposited into ZOS to be used used to upgrade a building, or for further crafting. "]},{"key":"Era","value":["string","Era Three "]}]},
{"authorized_creator":"zostestaccnt","collection_name":"zostestaccnt","schema_name":"blueprints","transferable":true,"burnable":true,"max_supply":0,"immutable_data":[{"key":"name","value":["string","Wooden Spikes"]},{"key":"img","value":["string","QmTeSVwFJaDwXDvAfcpcx6A1RGYZKJvw9PS8KZDzoo24Wv/Wooden%20Spikes.png"]},{"key":"Description","value":["string","The Wooden Spikes is a blueprint, it must be deposited into ZOS to be used used to upgrade a building, or for further crafting. "]},{"key":"Era","value":["string","Era Three "]}]},
{"authorized_creator":"zostestaccnt","collection_name":"zostestaccnt","schema_name":"blueprints","transferable":true,"burnable":true,"max_supply":0,"immutable_data":[{"key":"name","value":["string","Wooden Wall"]},{"key":"img","value":["string","QmTeSVwFJaDwXDvAfcpcx6A1RGYZKJvw9PS8KZDzoo24Wv/Wooden%20Wall.png"]},{"key":"Description","value":["string","The Wooden Wall is a blueprint, it must be deposited into ZOS to be used used to upgrade a building, or for further crafting. "]},{"key":"Era","value":["string","Era Three "]}]},